{
  "properties": {
    "connectionReferences": {
      "shared_commondataserviceforapps": {
        "runtimeSource": "embedded",
        "connection": {
          "connectionReferenceLogicalName": "cr41e_sharedcommondataserviceforapps_c6203"
        },
        "api": {
          "name": "shared_commondataserviceforapps"
        }
      }
    },
    "definition": {
      "$schema": "https://schema.management.azure.com/providers/Microsoft.Logic/schemas/2016-06-01/workflowdefinition.json#",
      "contentVersion": "1.0.0.0",
      "parameters": {
        "$connections": {
          "defaultValue": {},
          "type": "Object"
        },
        "$authentication": {
          "defaultValue": {},
          "type": "SecureObject"
        }
      },
      "triggers": {
        "manual": {
          "metadata": {
            "operationMetadataId": "e4ba6c6d-bf1a-4a90-8fe0-07723b93678b"
          },
          "type": "Request",
          "kind": "Http",
          "inputs": {
            "schema": {
              "type": "object",
              "properties": {
                "Language": {
                  "type": "integer"
                },
                "Selected Object": {
                  "type": "array",
                  "items": {
                    "type": "string"
                  }
                }
              }
            }
          }
        }
      },
      "actions": {
        "Apply_to_each": {
          "foreach": "@triggerBody()?['Selected Object']",
          "actions": {
            "Switch_2": {
              "runAfter": {},
              "cases": {
                "Case": {
                  "case": 1,
                  "actions": {
                    "Translate_to_Hindi": {
                      "runAfter": {},
                      "metadata": {
                        "operationMetadataId": "e8493939-e055-4d78-bb88-fb72fb45b976",
                        "flowSystemMetadata": {
                          "portalOperationId": "aibuilderpredict_texttranslationpretrained",
                          "portalOperationGroup": "aibuilder",
                          "portalOperationApiDisplayNameOverride": "AI Builder",
                          "portalOperationIconOverride": "https://content.powerapps.com/resource/makerx/static/pauto/images/designeroperations/aiBuilderNew.51dbdb6b.png",
                          "portalOperationBrandColorOverride": "#0A76C4",
                          "portalOperationApiTierOverride": "Standard"
                        }
                      },
                      "type": "OpenApiConnection",
                      "inputs": {
                        "host": {
                          "connectionName": "shared_commondataserviceforapps",
                          "operationId": "aibuilderpredict_texttranslationpretrained",
                          "apiId": "/providers/Microsoft.PowerApps/apis/shared_commondataserviceforapps"
                        },
                        "parameters": {
                          "item/requestv2/text": "@items('Apply_to_each')",
                          "item/requestv2/targetLanguage": "hi",
                          "item/requestv2/sourceLanguage": "auto"
                        },
                        "authentication": "@parameters('$authentication')"
                      }
                    },
                    "Compose_2": {
                      "runAfter": {
                        "Translate_to_Hindi": [
                          "Succeeded"
                        ]
                      },
                      "metadata": {
                        "operationMetadataId": "eec9f9c0-bc30-4212-937a-e8db9ae65cc2"
                      },
                      "type": "Compose",
                      "inputs": {
                        "text": "@{items('Apply_to_each')}",
                        "convertedText": "@{outputs('Translate_to_Hindi')?['body/responsev2/predictionOutput/text']}"
                      }
                    },
                    "Append_to_array_variable_2": {
                      "runAfter": {
                        "Compose_2": [
                          "Succeeded"
                        ]
                      },
                      "metadata": {
                        "operationMetadataId": "4468255d-663e-4561-ab4b-c5ef3b6ab57c"
                      },
                      "type": "AppendToArrayVariable",
                      "inputs": {
                        "name": "translated text",
                        "value": "@outputs('Compose_2')"
                      }
                    }
                  }
                },
                "Case_2": {
                  "case": 2,
                  "actions": {
                    "Translate_to_Bangla": {
                      "runAfter": {},
                      "metadata": {
                        "operationMetadataId": "8c4b0da0-12e5-4813-879c-fbe902eb00f4"
                      },
                      "type": "OpenApiConnection",
                      "inputs": {
                        "host": {
                          "connectionName": "shared_commondataserviceforapps",
                          "operationId": "aibuilderpredict_texttranslationpretrained",
                          "apiId": "/providers/Microsoft.PowerApps/apis/shared_commondataserviceforapps"
                        },
                        "parameters": {
                          "item/requestv2/text": "@items('Apply_to_each')",
                          "item/requestv2/targetLanguage": "bn",
                          "item/requestv2/sourceLanguage": "auto"
                        },
                        "authentication": "@parameters('$authentication')"
                      }
                    },
                    "Compose_3": {
                      "runAfter": {
                        "Translate_to_Bangla": [
                          "Succeeded"
                        ]
                      },
                      "metadata": {
                        "operationMetadataId": "a9783ba3-76fb-4049-9fd0-52925ce0111f"
                      },
                      "type": "Compose",
                      "inputs": {
                        "text": "@{items('Apply_to_each')}",
                        "convertedText": "@{outputs('Translate_to_Bangla')?['body/responsev2/predictionOutput/text']}"
                      }
                    },
                    "Append_to_array_variable": {
                      "runAfter": {
                        "Compose_3": [
                          "Succeeded"
                        ]
                      },
                      "metadata": {
                        "operationMetadataId": "3be869f7-3709-4eb5-a237-89b0f96a100e"
                      },
                      "type": "AppendToArrayVariable",
                      "inputs": {
                        "name": "translated text",
                        "value": "@outputs('Compose_3')"
                      }
                    }
                  }
                },
                "Case_3": {
                  "case": 3,
                  "actions": {
                    "Translate_to_Tamil": {
                      "runAfter": {},
                      "metadata": {
                        "operationMetadataId": "f5776604-e46e-4c77-8caa-1e36c742c629"
                      },
                      "type": "OpenApiConnection",
                      "inputs": {
                        "host": {
                          "connectionName": "shared_commondataserviceforapps",
                          "operationId": "aibuilderpredict_texttranslationpretrained",
                          "apiId": "/providers/Microsoft.PowerApps/apis/shared_commondataserviceforapps"
                        },
                        "parameters": {
                          "item/requestv2/text": "@items('Apply_to_each')",
                          "item/requestv2/targetLanguage": "ta",
                          "item/requestv2/sourceLanguage": "auto"
                        },
                        "authentication": "@parameters('$authentication')"
                      }
                    },
                    "Compose_4": {
                      "runAfter": {
                        "Translate_to_Tamil": [
                          "Succeeded"
                        ]
                      },
                      "metadata": {
                        "operationMetadataId": "b171f433-056d-4903-9f8c-dc316673a733"
                      },
                      "type": "Compose",
                      "inputs": {
                        "text": "@{items('Apply_to_each')}",
                        "convertedText": "@{outputs('Translate_to_Tamil')?['body/responsev2/predictionOutput/text']}"
                      }
                    },
                    "Append_to_array_variable_3": {
                      "runAfter": {
                        "Compose_4": [
                          "Succeeded"
                        ]
                      },
                      "metadata": {
                        "operationMetadataId": "84a14e8a-fe1f-412f-ba0a-43eaadcc3f26"
                      },
                      "type": "AppendToArrayVariable",
                      "inputs": {
                        "name": "translated text",
                        "value": "@outputs('Compose_4')"
                      }
                    }
                  }
                },
                "Case_4": {
                  "case": 4,
                  "actions": {
                    "Translate_to_Telugu": {
                      "runAfter": {},
                      "metadata": {
                        "operationMetadataId": "74299c20-c4f2-4ad1-9a30-81ec29e31760"
                      },
                      "type": "OpenApiConnection",
                      "inputs": {
                        "host": {
                          "connectionName": "shared_commondataserviceforapps",
                          "operationId": "aibuilderpredict_texttranslationpretrained",
                          "apiId": "/providers/Microsoft.PowerApps/apis/shared_commondataserviceforapps"
                        },
                        "parameters": {
                          "item/requestv2/text": "@items('Apply_to_each')",
                          "item/requestv2/targetLanguage": "te",
                          "item/requestv2/sourceLanguage": "auto"
                        },
                        "authentication": "@parameters('$authentication')"
                      }
                    },
                    "Compose_5": {
                      "runAfter": {
                        "Translate_to_Telugu": [
                          "Succeeded"
                        ]
                      },
                      "metadata": {
                        "operationMetadataId": "c307ba44-0327-4c57-9bb8-aa8c5eaa7bfc"
                      },
                      "type": "Compose",
                      "inputs": {
                        "text": "@{items('Apply_to_each')}",
                        "convertedText": "@{outputs('Translate_to_Telugu')?['body/responsev2/predictionOutput/text']}"
                      }
                    },
                    "Append_to_array_variable_4": {
                      "runAfter": {
                        "Compose_5": [
                          "Succeeded"
                        ]
                      },
                      "metadata": {
                        "operationMetadataId": "eddd3526-cac8-456d-bcae-879e545e392f"
                      },
                      "type": "AppendToArrayVariable",
                      "inputs": {
                        "name": "translated text",
                        "value": "@outputs('Compose_5')"
                      }
                    }
                  }
                },
                "Case_5": {
                  "case": 5,
                  "actions": {
                    "Translate_to_Kannada": {
                      "runAfter": {},
                      "metadata": {
                        "operationMetadataId": "b7fa5b27-59a2-479e-bc52-d70d14ffef7c"
                      },
                      "type": "OpenApiConnection",
                      "inputs": {
                        "host": {
                          "connectionName": "shared_commondataserviceforapps",
                          "operationId": "aibuilderpredict_texttranslationpretrained",
                          "apiId": "/providers/Microsoft.PowerApps/apis/shared_commondataserviceforapps"
                        },
                        "parameters": {
                          "item/requestv2/text": "@items('Apply_to_each')",
                          "item/requestv2/targetLanguage": "kn",
                          "item/requestv2/sourceLanguage": "auto"
                        },
                        "authentication": "@parameters('$authentication')"
                      }
                    },
                    "Compose_6": {
                      "runAfter": {
                        "Translate_to_Kannada": [
                          "Succeeded"
                        ]
                      },
                      "metadata": {
                        "operationMetadataId": "07d9aa07-3b27-4318-ae3b-07897ed8827b"
                      },
                      "type": "Compose",
                      "inputs": {
                        "text": "@{items('Apply_to_each')}",
                        "convertedText": "@{outputs('Translate_to_Kannada')?['body/responsev2/predictionOutput/text']}"
                      }
                    },
                    "Append_to_array_variable_5": {
                      "runAfter": {
                        "Compose_6": [
                          "Succeeded"
                        ]
                      },
                      "metadata": {
                        "operationMetadataId": "2dcc391a-6f2a-43eb-a6bd-1dd981479dfa"
                      },
                      "type": "AppendToArrayVariable",
                      "inputs": {
                        "name": "translated text",
                        "value": "@outputs('Compose_6')"
                      }
                    }
                  }
                },
                "Case_6": {
                  "case": 6,
                  "actions": {
                    "Translate_to_Malayalam": {
                      "runAfter": {},
                      "metadata": {
                        "operationMetadataId": "4a285cf1-a3d3-4b91-9ed3-dfe5678e3d42"
                      },
                      "type": "OpenApiConnection",
                      "inputs": {
                        "host": {
                          "connectionName": "shared_commondataserviceforapps",
                          "operationId": "aibuilderpredict_texttranslationpretrained",
                          "apiId": "/providers/Microsoft.PowerApps/apis/shared_commondataserviceforapps"
                        },
                        "parameters": {
                          "item/requestv2/text": "@items('Apply_to_each')",
                          "item/requestv2/targetLanguage": "ml",
                          "item/requestv2/sourceLanguage": "auto"
                        },
                        "authentication": "@parameters('$authentication')"
                      }
                    },
                    "Compose_7": {
                      "runAfter": {
                        "Translate_to_Malayalam": [
                          "Succeeded"
                        ]
                      },
                      "metadata": {
                        "operationMetadataId": "161f54eb-abee-4535-ba1b-8ae7e011c604"
                      },
                      "type": "Compose",
                      "inputs": {
                        "text": "@{items('Apply_to_each')}",
                        "convertedText": "@{outputs('Translate_to_Malayalam')?['body/responsev2/predictionOutput/text']}"
                      }
                    },
                    "Append_to_array_variable_6": {
                      "runAfter": {
                        "Compose_7": [
                          "Succeeded"
                        ]
                      },
                      "metadata": {
                        "operationMetadataId": "2e9f9ade-bce5-4302-822c-cd10fcd3bc98"
                      },
                      "type": "AppendToArrayVariable",
                      "inputs": {
                        "name": "translated text",
                        "value": "@outputs('Compose_7')"
                      }
                    }
                  }
                }
              },
              "default": {
                "actions": {}
              },
              "expression": "@triggerBody()?['Language']",
              "metadata": {
                "operationMetadataId": "44c8669e-090a-497b-a389-126bd4ff7994"
              },
              "type": "Switch"
            }
          },
          "runAfter": {
            "Initialize_variable": [
              "Succeeded"
            ]
          },
          "metadata": {
            "operationMetadataId": "12ec38d9-c7f5-46e1-8d8c-124925966230"
          },
          "type": "Foreach",
          "runtimeConfiguration": {
            "concurrency": {
              "repetitions": 30
            }
          }
        },
        "Initialize_variable": {
          "runAfter": {
            "Initialize_variable_2": [
              "Succeeded"
            ]
          },
          "metadata": {
            "operationMetadataId": "24868041-aeab-41ed-a391-8c288ccec1e6"
          },
          "type": "InitializeVariable",
          "inputs": {
            "variables": [
              {
                "name": "translated text",
                "type": "array"
              }
            ]
          }
        },
        "Response": {
          "runAfter": {
            "Compose": [
              "Succeeded"
            ]
          },
          "metadata": {
            "operationMetadataId": "679da945-97f0-4834-a705-9a71b54ce9ea"
          },
          "type": "Response",
          "kind": "Http",
          "inputs": {
            "statusCode": 200,
            "body": "@outputs('Compose')"
          }
        },
        "Initialize_variable_2": {
          "runAfter": {},
          "metadata": {
            "operationMetadataId": "65a6b36c-9da5-4f2d-97a3-b4011d5ee337"
          },
          "type": "InitializeVariable",
          "inputs": {
            "variables": [
              {
                "name": "jsontext",
                "type": "string"
              }
            ]
          }
        },
        "Compose": {
          "runAfter": {
            "Apply_to_each": [
              "Succeeded"
            ]
          },
          "metadata": {
            "operationMetadataId": "efa57fe1-ab40-48ef-9b39-5e25870e1924"
          },
          "type": "Compose",
          "inputs": "@variables('translated text')"
        }
      },
      "outputs": {}
    },
    "templateName": ""
  },
  "schemaVersion": "1.0.0.0"
}